filename,sha256
account_gender.csv,0f49b787879f147d74ebaa67e7a1f2dbae0465d6dd81a904b443d4afbfe3b098
sensitive_ads_preferences.csv,ec335b43a773b36c7ef43ee7ba4c7b65b33a2675a8d6f7ae2e752ccceb92b23d
approved_submitter_subreddits.csv,f343325f0c33386d48d63567494801db5a791bbb99e0a1cba66ddb938a8fe481
chat_history.csv,f9dd68515f9a69413492472e786c2753e89913fce5efc471515dfd08d291037b
comment_headers.csv,2cc9a86626c298870bf4cb1ec14160f4d1fb823073db5970da02d9c8a1b0c386
comment_votes.csv,d1953ca6015dbdc6a5fbf46acce03c19720178b7b5e90daa4f24a159055c6c04
comments.csv,d41a37751e00312843da87ba08817a2dafff6e487e82a83d0ab211e5f8b0a43f
drafts.csv,0611b66233a557338359dfa65e140ad85a2fa408206371bf0078c5d2f8e98a00
friends.csv,29fc0b676f7e5b77f2cf8219b822dd15105d36aae119ac9891bbd589fc8b1f37
gilded_content.csv,aeeab87640784df4551750fefd44f08711055052878791b1530a5b3e146cbacd
gold_received.csv,f851d7ba4ad53e29621d09c961652c939d70f1f0f243f9f8419bd4deda2e79df
hidden_posts.csv,dbfa7ebe44b1a39e0c75f44bc451d5423e7d5fa347ff04c66661fbfa268b071c
ip_logs.csv,cb25b860614280843e97830d64368ae40ba2a7d86b932cb8baf4703f5939cf76
linked_identities.csv,2271c87cb7673a27cdd053e242720cd1e14bffeba236e0abe8b412b89590ff4e
linked_phone_number.csv,bc3c167867a681229d216bc662b25e00bdad861c732e268c463492b742f0c855
message_headers.csv,f4c4c1a05d39e1c016eac2353c04274d8099b4a0786af26b5cbff0f5066eae5b
messages.csv,30fef7c7495f77fb2dd8b732ecbb26e14e7b2934ba78b391014926959954db31
moderated_subreddits.csv,d3fa12ebbe131ecb212939b062c8a1c006d5b2afa4246071f7626a8aff3e9583
multireddits.csv,da2c5902d90f48fbd161a1f48ca259037fd74c599f72dd94998460dae33b61fd
payouts.csv,cc9a2017b12a179e48cf8af33143179a4b86a2ff4add628a59e84473d3dab77d
persona.csv,f5d482c6e6d2e740c8609f27ede50a826acfd955df0a9890e659548a3d958719
poll_votes.csv,e26bbacee45fb88e7736af36414e0e9970bf2c3722f179cf33491a36592fad4e
post_headers.csv,1278832b30f846a66ce9b757aca7b0c291d17c6aea39facee3685974caa878f4
post_votes.csv,caa3401e8ca2b323ef00b1f24f87e093bcde0a1bb148abc9edc56c40c5f9c907
posts.csv,a8a4e0fd21bc6669665ad6fddf88b2c15d388b068bd730783cae1f96859f1526
purchases.csv,91abd5007ef709aafdf83f0a42d5dab8fa0a0d29603f323b5b307e41e3c39d6c
saved_comments.csv,4e0382c465b12fc8e3aa99e13c1f0a34ea30dbb3305f120cb899c5b2807ed89f
saved_posts.csv,2032a650e0546d9bbb405515cdfe3317a49e8a8f6d18f3007e79b58d1bfb7aa4
scheduled_posts.csv,406212d18cadd34e88c63db0d2830f079f85616467f7ee80a5a6ddd0a632c548
statistics.csv,ee5b11f89d19010d04a0730dfac49b6c9a6a945b2aae8e975269fa7e332217bb
stripe.csv,4e340ed72d4437a31e2a71ad67f24d82ed26f4f83e2bf855a94d4322dbd2a49d
subscribed_subreddits.csv,34a1c10b4fc728a5407ac8e5bc8be47034c2c1baae856f5a322f7b7a4b074d9d
twitter.csv,4e9a58383b7ef4d843980b91d4f0d8b4c859c02d249d9b549ada6c94904e3129
user_preferences.csv,2898ab48c9a72bfb9ffe501a6ee72d1797fe30d6970bd1495d66d7c722f3a065
