date,ip
registration ip,
2024-05-07 13:49:21 UTC,104.185.35.150
2024-05-08 13:49:47 UTC,104.185.35.150
2024-05-08 14:20:23 UTC,174.202.167.233
2024-05-08 15:51:14 UTC,174.202.167.233
2024-05-08 17:21:57 UTC,104.185.35.150
2024-05-08 17:21:58 UTC,2600:1700:85d0:29c0:6d39:3bd3:7338:6ec1
2024-05-08 22:24:48 UTC,104.185.35.150
2024-05-09 01:39:38 UTC,2600:1700:85d0:29c0:6d39:3bd3:7338:6ec1
2024-05-09 01:39:38 UTC,104.185.35.150
2024-05-09 14:06:42 UTC,104.185.35.150
2024-05-10 13:48:39 UTC,104.185.35.150
2024-05-10 19:35:46 UTC,104.185.35.150
2024-05-11 02:55:06 UTC,104.185.35.150
2024-05-11 18:16:13 UTC,104.185.35.150
2024-05-11 23:00:06 UTC,104.185.35.150
2024-05-12 17:02:22 UTC,104.185.35.150
2024-05-13 13:57:21 UTC,104.185.35.150
2024-05-13 19:31:58 UTC,104.185.35.150
2024-05-13 21:28:31 UTC,2600:1700:85d0:29c0:18b0:8726:61b1:20c3
2024-05-13 21:28:31 UTC,104.185.35.150
2024-05-13 22:42:26 UTC,104.185.35.150
2024-05-14 13:51:25 UTC,104.185.35.150
2024-05-14 15:27:14 UTC,174.202.169.168
2024-05-14 19:51:57 UTC,104.185.35.150
2024-05-15 00:30:49 UTC,104.185.35.150
2024-05-15 02:25:40 UTC,104.185.35.150
2024-05-15 03:43:32 UTC,104.185.35.150
2024-05-15 21:17:23 UTC,104.185.35.150
2024-05-16 13:52:26 UTC,104.185.35.150
2024-05-16 15:06:52 UTC,174.202.161.140
2024-05-17 03:20:08 UTC,2600:1700:85d0:29c0:d110:7abf:2b6:9c3
2024-05-17 03:20:09 UTC,104.185.35.150
2024-05-17 15:26:23 UTC,174.202.168.31
2024-05-17 18:42:26 UTC,104.185.35.150
2024-05-17 18:42:27 UTC,2600:1700:85d0:29c0:ddcb:4731:3454:ffbd
2024-05-17 20:19:17 UTC,172.58.180.138
2024-05-18 01:38:01 UTC,104.185.35.150
2024-05-18 18:15:11 UTC,104.185.35.150
2024-05-19 00:45:53 UTC,104.185.35.150
2024-05-19 17:28:17 UTC,104.185.35.150
2024-05-19 19:38:36 UTC,104.185.35.150
2024-05-19 21:15:55 UTC,104.185.35.150
2024-05-20 13:48:53 UTC,2600:1700:85d0:29c0:59a:1495:e9f0:8f20
2024-05-20 13:48:54 UTC,104.185.35.150
2024-05-20 20:18:43 UTC,104.185.35.150
2024-05-21 01:17:10 UTC,104.185.35.150
2024-05-21 13:39:14 UTC,104.185.35.150
2024-05-21 14:22:16 UTC,174.202.173.108
2024-05-21 21:19:43 UTC,104.185.35.150
2024-05-21 23:57:33 UTC,104.185.35.150
2024-05-21 23:57:36 UTC,2600:1700:85d0:29c0:89ab:534b:7f75:ae5c
2024-05-22 14:31:51 UTC,174.202.167.112
2024-05-22 16:55:16 UTC,174.202.167.112
2024-05-22 18:15:56 UTC,104.185.35.150
2024-05-23 13:32:18 UTC,104.185.35.150
2024-05-23 14:06:13 UTC,174.202.166.250
2024-05-23 19:38:45 UTC,104.185.35.150
2024-05-24 04:09:35 UTC,2600:1700:85d0:29c0:25b2:6085:8d7d:190f
2024-05-24 04:20:34 UTC,104.185.35.150
2024-05-24 06:05:36 UTC,104.185.35.150
2024-05-24 19:00:28 UTC,104.185.35.150
2024-05-25 16:02:30 UTC,104.185.35.150
2024-05-25 16:02:34 UTC,2600:1700:85d0:29c0:ec26:24f9:4e3e:9648
2024-05-25 18:43:51 UTC,104.185.35.150
2024-05-27 18:47:06 UTC,104.185.35.150
2024-05-27 23:03:42 UTC,104.185.35.150
2024-05-28 13:51:32 UTC,104.185.35.150
2024-05-28 19:53:07 UTC,104.185.35.150
2024-05-29 00:37:52 UTC,104.185.35.150
2024-05-29 23:30:22 UTC,104.185.35.150
2024-05-30 02:41:15 UTC,104.185.35.150
2024-05-30 17:46:00 UTC,104.185.35.150
2024-05-30 20:34:40 UTC,104.185.35.150
2024-05-30 22:02:42 UTC,104.185.35.150
2024-05-31 13:36:51 UTC,104.185.35.150
2024-05-31 15:30:37 UTC,174.202.168.90
2024-05-31 19:34:31 UTC,104.185.35.150
2024-06-01 21:36:27 UTC,104.185.35.150
2024-06-02 01:58:56 UTC,104.185.35.150
2024-06-02 03:44:36 UTC,104.185.35.150
2024-06-02 03:44:40 UTC,2600:1700:85d0:29c0:1485:8f0:b468:3757
2024-06-02 05:50:20 UTC,104.185.35.150
2024-06-02 09:15:54 UTC,2600:1700:85d0:29c0:1485:8f0:b468:3757
2024-06-02 09:16:53 UTC,104.185.35.150
2024-06-02 17:05:38 UTC,104.185.35.150
2024-06-02 18:05:38 UTC,104.185.35.150
2024-06-02 18:08:38 UTC,2600:1700:85d0:29c0:70e7:81dc:1df8:8214
2024-06-02 19:06:39 UTC,104.185.35.150
2024-06-02 20:06:38 UTC,104.185.35.150
2024-06-02 21:06:38 UTC,104.185.35.150
2024-06-02 22:06:39 UTC,104.185.35.150
2024-06-02 23:06:38 UTC,104.185.35.150
2024-06-03 00:06:39 UTC,104.185.35.150
2024-06-03 01:06:38 UTC,104.185.35.150
2024-06-03 02:06:38 UTC,104.185.35.150
2024-06-03 02:12:38 UTC,2600:1700:85d0:29c0:70e7:81dc:1df8:8214
2024-06-03 03:06:39 UTC,104.185.35.150
2024-06-03 04:07:39 UTC,104.185.35.150
2024-06-03 13:38:29 UTC,104.185.35.150
2024-06-03 13:40:39 UTC,2600:1700:85d0:29c0:e4d3:7275:4d25:573b
2024-06-03 14:37:38 UTC,174.202.171.104
2024-06-03 15:38:27 UTC,174.202.171.104
2024-06-03 16:39:33 UTC,174.202.171.104
2024-06-03 17:39:33 UTC,174.202.171.104
2024-06-03 17:51:49 UTC,104.185.35.150
2024-06-03 18:53:33 UTC,104.185.35.150
2024-06-03 19:53:33 UTC,104.185.35.150
2024-06-03 20:54:33 UTC,104.185.35.150
2024-06-03 21:55:34 UTC,104.185.35.150
2024-06-03 22:55:34 UTC,104.185.35.150
2024-06-03 23:56:34 UTC,104.185.35.150
2024-06-04 00:56:34 UTC,104.185.35.150
2024-06-04 01:56:34 UTC,104.185.35.150
2024-06-04 13:44:40 UTC,2600:1700:85d0:29c0:1160:b9d0:74e1:9a3e
2024-06-04 13:44:41 UTC,104.185.35.150
2024-06-04 14:06:11 UTC,174.202.170.55
2024-06-04 15:07:38 UTC,174.202.170.55
2024-06-04 16:09:28 UTC,174.202.170.55
2024-06-04 17:10:18 UTC,174.202.170.55
2024-06-04 17:55:23 UTC,104.185.35.150
2024-06-04 18:24:28 UTC,2600:1700:85d0:29c0:d410:303a:db35:993b
2024-06-04 18:56:28 UTC,104.185.35.150
2024-06-04 19:57:28 UTC,104.185.35.150
2024-06-04 20:57:28 UTC,104.185.35.150
2024-06-04 21:57:28 UTC,104.185.35.150
2024-06-04 22:57:28 UTC,104.185.35.150
2024-06-04 23:57:28 UTC,104.185.35.150
2024-06-05 00:57:28 UTC,104.185.35.150
2024-06-05 01:58:28 UTC,104.185.35.150
2024-06-05 02:58:28 UTC,104.185.35.150
2024-06-05 13:45:41 UTC,104.185.35.150
2024-06-05 14:12:32 UTC,174.202.170.14
2024-06-05 15:14:17 UTC,174.202.170.14
2024-06-05 16:15:21 UTC,174.202.170.14
2024-06-05 17:15:50 UTC,174.202.170.14
2024-06-05 18:16:21 UTC,174.202.170.14
2024-06-05 18:23:09 UTC,104.185.35.150
2024-06-05 19:23:22 UTC,104.185.35.150
2024-06-05 20:23:57 UTC,104.185.35.150
2024-06-05 21:25:22 UTC,104.185.35.150
2024-06-05 22:06:22 UTC,2600:1700:85d0:29c0:851d:300e:9e96:2289
2024-06-05 22:25:22 UTC,104.185.35.150
2024-06-05 23:25:26 UTC,104.185.35.150
2024-06-06 00:26:03 UTC,104.185.35.150
2024-06-06 01:26:22 UTC,104.185.35.150
2024-06-06 02:27:22 UTC,104.185.35.150
2024-06-06 03:27:22 UTC,104.185.35.150
2024-06-06 13:37:43 UTC,104.185.35.150
2024-06-06 13:44:42 UTC,2600:1700:85d0:29c0:60d8:59d5:e4d4:76f2
2024-06-06 14:04:46 UTC,174.202.169.171
2024-06-06 15:06:15 UTC,174.202.169.171
2024-06-06 16:07:15 UTC,174.202.169.171
2024-06-06 17:08:15 UTC,174.202.169.171
2024-06-06 18:02:23 UTC,104.185.35.150
2024-06-06 19:02:28 UTC,104.185.35.150
2024-06-06 20:03:48 UTC,104.185.35.150
2024-06-06 21:04:16 UTC,104.185.35.150
2024-06-06 22:04:16 UTC,104.185.35.150
2024-06-06 23:04:16 UTC,104.185.35.150
2024-06-07 00:04:16 UTC,104.185.35.150
2024-06-07 01:04:16 UTC,104.185.35.150
2024-06-07 02:04:16 UTC,104.185.35.150
2024-06-07 13:37:38 UTC,104.185.35.150
2024-06-07 14:10:01 UTC,174.202.166.201
2024-06-07 15:10:28 UTC,174.202.166.201
2024-06-07 16:11:09 UTC,174.202.166.201
2024-06-07 17:11:09 UTC,174.202.166.201
2024-06-07 18:13:57 UTC,104.185.35.150
2024-06-07 19:14:09 UTC,104.185.35.150
2024-06-07 20:14:09 UTC,104.185.35.150
2024-06-07 21:15:09 UTC,104.185.35.150
2024-06-07 22:15:10 UTC,104.185.35.150
2024-06-07 23:16:09 UTC,104.185.35.150
2024-06-08 00:16:10 UTC,104.185.35.150
2024-06-08 01:17:09 UTC,104.185.35.150
2024-06-08 02:01:10 UTC,2600:1700:85d0:29c0:d176:d828:2ffd:8e58
2024-06-08 02:17:10 UTC,104.185.35.150
2024-06-08 03:02:09 UTC,2600:1700:85d0:29c0:d176:d828:2ffd:8e58
2024-06-08 03:17:09 UTC,104.185.35.150
2024-06-08 04:03:10 UTC,2600:1700:85d0:29c0:d176:d828:2ffd:8e58
2024-06-08 04:17:09 UTC,104.185.35.150
2024-06-08 16:04:20 UTC,104.185.35.150
2024-06-08 17:05:08 UTC,104.185.35.150
2024-06-08 18:06:02 UTC,104.185.35.150
2024-06-08 19:06:02 UTC,104.185.35.150
2024-06-08 19:17:07 UTC,2600:1700:85d0:29c0:5c57:33cc:6aec:3df8
2024-06-08 20:06:02 UTC,104.185.35.150
2024-06-08 20:20:03 UTC,2600:1700:85d0:29c0:5c57:33cc:6aec:3df8
2024-06-08 21:06:02 UTC,104.185.35.150
2024-06-08 22:06:02 UTC,104.185.35.150
2024-06-08 23:07:00 UTC,104.185.35.150
2024-06-09 00:07:03 UTC,104.185.35.150
2024-06-09 01:07:02 UTC,104.185.35.150
2024-06-09 02:08:03 UTC,104.185.35.150
2024-06-09 03:08:02 UTC,104.185.35.150
2024-06-09 04:08:03 UTC,104.185.35.150
2024-06-09 05:08:03 UTC,104.185.35.150
2024-06-09 06:08:03 UTC,104.185.35.150
2024-06-09 07:08:03 UTC,104.185.35.150
2024-06-09 08:08:03 UTC,104.185.35.150
2024-06-09 09:09:03 UTC,104.185.35.150
2024-06-09 16:34:10 UTC,104.185.35.150
2024-06-09 17:34:10 UTC,104.185.35.150
2024-06-09 18:35:57 UTC,104.185.35.150
2024-06-09 18:36:57 UTC,2600:1700:85d0:29c0:2c22:f393:d90f:4578
2024-06-09 19:35:57 UTC,104.185.35.150
2024-06-09 19:36:57 UTC,2600:1700:85d0:29c0:2c22:f393:d90f:4578
2024-06-09 20:35:57 UTC,104.185.35.150
2024-06-09 20:37:57 UTC,2600:1700:85d0:29c0:2c22:f393:d90f:4578
2024-06-09 21:36:57 UTC,104.185.35.150
2024-06-09 22:37:57 UTC,104.185.35.150
2024-06-09 23:38:57 UTC,104.185.35.150
2024-06-10 00:38:57 UTC,104.185.35.150
2024-06-10 01:39:57 UTC,104.185.35.150
2024-06-10 13:40:12 UTC,104.185.35.150
2024-06-10 14:06:20 UTC,174.202.161.218
2024-06-10 15:06:50 UTC,174.202.161.218
2024-06-10 16:06:51 UTC,174.202.161.218
2024-06-10 17:07:50 UTC,174.202.161.218
2024-06-10 18:00:55 UTC,104.185.35.150
2024-06-10 19:01:18 UTC,104.185.35.150
2024-06-10 20:01:50 UTC,104.185.35.150
2024-06-11 13:39:58 UTC,104.185.35.150
2024-06-11 14:09:15 UTC,174.202.169.87
2024-06-11 15:10:05 UTC,174.202.169.87
2024-06-11 16:10:45 UTC,174.202.169.87
2024-06-11 17:10:44 UTC,174.202.169.87
2024-06-11 17:29:59 UTC,104.185.35.150
2024-06-11 17:34:25 UTC,2600:1700:85d0:29c0:a005:fd6d:f151:738c
2024-06-11 18:30:18 UTC,104.185.35.150
2024-06-11 19:30:45 UTC,104.185.35.150
2024-06-11 19:32:45 UTC,2600:1700:85d0:29c0:a005:fd6d:f151:738c
2024-06-11 20:30:45 UTC,104.185.35.150
2024-06-11 20:32:45 UTC,2600:1700:85d0:29c0:a005:fd6d:f151:738c
2024-06-11 21:30:45 UTC,104.185.35.150
2024-06-11 21:32:45 UTC,2600:1700:85d0:29c0:a005:fd6d:f151:738c
2024-06-11 22:31:45 UTC,104.185.35.150
2024-06-11 22:32:45 UTC,2600:1700:85d0:29c0:a005:fd6d:f151:738c
2024-06-11 23:31:45 UTC,104.185.35.150
2024-06-12 00:13:45 UTC,2600:1700:85d0:29c0:a005:fd6d:f151:738c
2024-06-12 00:31:45 UTC,104.185.35.150
2024-06-12 01:31:45 UTC,104.185.35.150
2024-06-12 02:04:45 UTC,2600:1700:85d0:29c0:a005:fd6d:f151:738c
2024-06-12 02:31:45 UTC,104.185.35.150
2024-06-12 03:05:45 UTC,2600:1700:85d0:29c0:a005:fd6d:f151:738c
2024-06-12 03:32:45 UTC,104.185.35.150
2024-06-12 13:45:17 UTC,104.185.35.150
2024-06-12 14:05:55 UTC,174.202.166.5
2024-06-12 15:06:20 UTC,174.202.166.5
2024-06-12 16:06:38 UTC,174.202.166.5
2024-06-12 16:11:35 UTC,2600:100b:b001:596f:f857:a0b2:7c60:e9ae
2024-06-12 17:06:38 UTC,174.202.166.5
2024-06-12 17:31:38 UTC,2600:100b:b001:596f:f857:a0b2:7c60:e9ae
2024-06-12 18:06:38 UTC,174.202.166.5
2024-06-12 18:13:37 UTC,104.185.35.150
2024-06-12 19:16:58 UTC,104.185.35.150
2024-06-12 20:17:38 UTC,104.185.35.150
2024-06-12 21:17:38 UTC,104.185.35.150
2024-06-12 22:17:38 UTC,104.185.35.150
2024-06-12 22:39:38 UTC,2600:1700:85d0:29c0:1451:f608:2dae:b847
2024-06-12 23:19:38 UTC,104.185.35.150
2024-06-12 23:40:38 UTC,2600:1700:85d0:29c0:1451:f608:2dae:b847
2024-06-13 00:20:38 UTC,104.185.35.150
2024-06-13 01:20:38 UTC,104.185.35.150
2024-06-13 02:21:38 UTC,104.185.35.150
2024-06-13 13:40:22 UTC,104.185.35.150
2024-06-13 14:09:09 UTC,174.202.170.172
2024-06-13 15:10:06 UTC,174.202.170.172
2024-06-13 16:10:32 UTC,174.202.170.172
2024-06-13 17:11:32 UTC,174.202.170.172
2024-06-13 17:58:20 UTC,104.185.35.150
2024-06-13 18:09:32 UTC,2600:1700:85d0:29c0:d48c:ed15:4b2d:40f8
2024-06-13 18:58:21 UTC,104.185.35.150
2024-06-13 19:37:32 UTC,2600:1700:85d0:29c0:d48c:ed15:4b2d:40f8
2024-06-13 19:58:31 UTC,104.185.35.150
2024-06-13 20:59:31 UTC,104.185.35.150
2024-06-13 22:00:32 UTC,104.185.35.150
2024-06-14 01:24:07 UTC,104.185.35.150
2024-06-14 02:24:31 UTC,104.185.35.150
2024-06-14 02:55:49 UTC,2600:1700:85d0:29c0:584e:e00:f88e:108
2024-06-14 03:24:31 UTC,104.185.35.150
2024-06-14 03:56:31 UTC,2600:1700:85d0:29c0:584e:e00:f88e:108
2024-06-14 04:24:32 UTC,104.185.35.150
2024-06-14 05:25:01 UTC,104.185.35.150
2024-06-14 05:43:31 UTC,2600:1700:85d0:29c0:584e:e00:f88e:108
2024-06-14 06:26:31 UTC,104.185.35.150
2024-06-14 13:40:23 UTC,104.185.35.150
2024-06-14 14:09:02 UTC,174.202.171.123
2024-06-14 15:09:25 UTC,174.202.171.123
2024-06-14 16:09:25 UTC,174.202.171.123
2024-06-14 17:10:25 UTC,174.202.171.123
2024-06-14 17:57:52 UTC,104.185.35.150
2024-06-14 18:58:26 UTC,104.185.35.150
2024-06-14 19:15:26 UTC,2600:1700:85d0:29c0:cc83:e7e0:7699:cca
2024-06-14 19:59:26 UTC,104.185.35.150
2024-06-14 23:47:07 UTC,104.185.35.150
2024-06-15 00:47:26 UTC,104.185.35.150
2024-06-15 01:21:26 UTC,2600:1700:85d0:29c0:cc83:e7e0:7699:cca
2024-06-15 01:48:26 UTC,104.185.35.150
2024-06-15 02:23:26 UTC,2600:1700:85d0:29c0:cc83:e7e0:7699:cca
2024-06-15 15:58:46 UTC,104.185.35.150
2024-06-15 16:59:39 UTC,104.185.35.150
2024-06-15 17:17:20 UTC,2600:1700:85d0:29c0:8ccc:a1ac:671c:7206
2024-06-15 18:01:19 UTC,104.185.35.150
2024-06-15 19:02:19 UTC,104.185.35.150
2024-06-15 20:02:19 UTC,104.185.35.150
2024-06-15 20:59:19 UTC,2600:1700:85d0:29c0:8ccc:a1ac:671c:7206
2024-06-15 21:03:19 UTC,104.185.35.150
2024-06-15 22:03:29 UTC,104.185.35.150
2024-06-15 23:05:19 UTC,104.185.35.150
2024-06-16 00:06:19 UTC,104.185.35.150
2024-06-16 01:07:19 UTC,104.185.35.150
2024-06-16 02:08:19 UTC,104.185.35.150
2024-06-16 03:08:19 UTC,104.185.35.150
2024-06-16 03:09:19 UTC,2600:1700:85d0:29c0:8ccc:a1ac:671c:7206
2024-06-16 04:09:19 UTC,104.185.35.150
2024-06-16 04:09:19 UTC,2600:1700:85d0:29c0:8ccc:a1ac:671c:7206
2024-06-16 15:10:01 UTC,2600:1700:85d0:29c0:991d:322a:2325:41db
2024-06-16 15:10:04 UTC,104.185.35.150
2024-06-16 16:10:14 UTC,104.185.35.150
2024-06-16 17:11:14 UTC,104.185.35.150
2024-06-16 17:15:14 UTC,2600:1700:85d0:29c0:991d:322a:2325:41db
2024-06-16 18:11:58 UTC,104.185.35.150
2024-06-16 19:12:14 UTC,104.185.35.150
2024-06-16 20:12:14 UTC,104.185.35.150
2024-06-16 21:12:14 UTC,104.185.35.150
2024-06-16 22:12:14 UTC,104.185.35.150
2024-06-16 23:12:14 UTC,104.185.35.150
2024-06-17 00:12:14 UTC,104.185.35.150
2024-06-17 01:13:14 UTC,104.185.35.150
2024-06-17 02:14:14 UTC,104.185.35.150
2024-06-17 13:48:47 UTC,104.185.35.150
2024-06-17 14:06:13 UTC,174.202.167.10
2024-06-17 15:08:08 UTC,174.202.167.10
2024-06-17 16:00:08 UTC,2600:100b:b01b:96ea:1812:c45b:51bd:a1fe
2024-06-17 16:08:12 UTC,174.202.167.10
2024-06-17 17:00:08 UTC,2600:100b:b01b:96ea:1812:c45b:51bd:a1fe
2024-06-17 17:10:08 UTC,174.202.167.10
2024-06-17 17:30:13 UTC,104.185.35.150
2024-06-17 18:31:08 UTC,104.185.35.150
2024-06-17 19:32:50 UTC,104.185.35.150
2024-06-17 20:33:15 UTC,104.185.35.150
2024-06-17 21:35:08 UTC,104.185.35.150
2024-06-17 22:35:08 UTC,104.185.35.150
2024-06-17 23:36:08 UTC,104.185.35.150
2024-06-18 00:37:08 UTC,104.185.35.150
2024-06-18 01:38:08 UTC,104.185.35.150
2024-06-18 02:38:08 UTC,104.185.35.150
2024-06-18 03:38:08 UTC,104.185.35.150
2024-06-18 04:39:08 UTC,104.185.35.150
2024-06-18 04:49:08 UTC,2600:1700:85d0:29c0:691d:9a2d:ac3e:4b4e
2024-06-18 13:39:15 UTC,104.185.35.150
2024-06-18 16:18:19 UTC,104.185.35.150
2024-06-18 17:20:02 UTC,104.185.35.150
2024-06-18 18:21:02 UTC,104.185.35.150
2024-06-18 19:21:02 UTC,104.185.35.150
2024-06-18 20:21:03 UTC,104.185.35.150
2024-06-18 21:22:02 UTC,104.185.35.150
2024-06-19 13:33:02 UTC,104.185.35.150
2024-06-19 14:15:27 UTC,174.202.160.79
2024-06-19 15:04:55 UTC,174.202.167.2
2024-06-19 15:11:29 UTC,174.202.171.222
2024-06-19 16:13:09 UTC,174.202.171.222
2024-06-19 17:14:09 UTC,174.202.171.222
2024-06-19 17:21:55 UTC,2600:100b:b019:db7f:6127:1862:9e88:2750
2024-06-19 18:03:07 UTC,104.185.35.150
2024-06-19 18:05:12 UTC,2600:1700:85d0:29c0:f88a:7235:ef3b:5df9
2024-06-19 19:03:56 UTC,104.185.35.150
2024-06-19 20:03:56 UTC,104.185.35.150
2024-06-19 21:03:56 UTC,104.185.35.150
2024-06-19 21:50:56 UTC,2600:1700:85d0:29c0:f88a:7235:ef3b:5df9
2024-06-19 22:03:57 UTC,104.185.35.150
2024-06-19 23:04:56 UTC,104.185.35.150
2024-06-19 23:48:56 UTC,2600:1700:85d0:29c0:f88a:7235:ef3b:5df9
2024-06-20 13:39:15 UTC,104.185.35.150
2024-06-20 13:53:11 UTC,174.202.167.60
2024-06-20 14:03:28 UTC,2600:100b:b024:1b58:3032:6992:a112:b66d
2024-06-20 14:54:50 UTC,174.202.167.60
2024-06-20 15:39:51 UTC,174.202.162.90
2024-06-20 16:39:50 UTC,174.202.162.90
2024-06-20 17:41:37 UTC,174.202.162.90
2024-06-20 18:41:50 UTC,174.202.162.90
2024-06-20 19:12:51 UTC,104.185.35.150
2024-06-20 19:14:06 UTC,2600:1700:85d0:29c0:3191:a585:b089:23a
2024-06-20 20:12:51 UTC,104.185.35.150
2024-06-20 20:14:26 UTC,2600:1700:85d0:29c0:3191:a585:b089:23a
2024-06-20 22:12:56 UTC,104.185.35.150
2024-06-20 23:13:29 UTC,104.185.35.150
2024-06-21 00:14:50 UTC,104.185.35.150
2024-06-21 12:50:46 UTC,104.185.35.150
2024-06-21 13:04:03 UTC,174.202.167.181
2024-06-21 13:23:30 UTC,2600:100b:b021:e6f2:b4c2:8459:4295:96ac
2024-06-21 14:05:38 UTC,174.202.167.181
2024-06-21 15:07:18 UTC,174.202.167.181
2024-06-21 16:07:45 UTC,174.202.167.181
2024-06-21 17:07:45 UTC,174.202.167.181
2024-06-21 18:07:52 UTC,174.202.167.181
2024-06-21 19:56:51 UTC,104.185.35.150
2024-06-21 20:57:45 UTC,104.185.35.150
2024-06-21 21:57:45 UTC,104.185.35.150
2024-06-21 22:57:45 UTC,104.185.35.150
2024-06-21 23:58:45 UTC,104.185.35.150
2024-06-22 00:59:45 UTC,104.185.35.150
2024-06-22 02:00:45 UTC,104.185.35.150
2024-06-22 03:01:45 UTC,104.185.35.150
2024-06-22 04:01:45 UTC,104.185.35.150
2024-06-22 05:05:13 UTC,104.185.35.150
2024-06-22 16:04:57 UTC,104.185.35.150
2024-06-22 17:05:39 UTC,104.185.35.150
2024-06-22 18:06:40 UTC,104.185.35.150
2024-06-22 18:23:39 UTC,2600:1700:85d0:29c0:90cc:968d:1160:57a6
2024-06-22 19:06:40 UTC,104.185.35.150
2024-06-22 19:29:40 UTC,2600:1700:85d0:29c0:90cc:968d:1160:57a6
2024-06-22 20:06:40 UTC,104.185.35.150
2024-06-22 20:38:40 UTC,2600:1700:85d0:29c0:90cc:968d:1160:57a6
2024-06-22 21:07:39 UTC,104.185.35.150
2024-06-22 22:08:39 UTC,104.185.35.150
2024-06-22 23:09:39 UTC,104.185.35.150
2024-06-23 00:09:39 UTC,104.185.35.150
2024-06-23 01:10:39 UTC,104.185.35.150
2024-06-23 02:10:40 UTC,104.185.35.150
2024-06-23 03:10:40 UTC,104.185.35.150
2024-06-23 04:10:39 UTC,104.185.35.150
2024-06-23 05:10:39 UTC,104.185.35.150
2024-06-23 16:03:06 UTC,104.185.35.150
2024-06-23 16:04:18 UTC,2600:1700:85d0:29c0:472:4857:76a5:41c7
2024-06-23 17:03:34 UTC,104.185.35.150
2024-06-23 17:04:32 UTC,2600:1700:85d0:29c0:472:4857:76a5:41c7
2024-06-23 18:04:33 UTC,2600:1700:85d0:29c0:472:4857:76a5:41c7
2024-06-23 18:04:33 UTC,104.185.35.150
2024-06-23 19:04:33 UTC,2600:1700:85d0:29c0:472:4857:76a5:41c7
2024-06-23 19:04:33 UTC,104.185.35.150
2024-06-23 20:04:33 UTC,104.185.35.150
2024-06-23 21:04:40 UTC,104.185.35.150
2024-06-23 22:05:33 UTC,104.185.35.150
2024-06-23 23:05:33 UTC,104.185.35.150
2024-06-24 00:06:33 UTC,104.185.35.150
2024-06-24 01:06:33 UTC,104.185.35.150
2024-06-24 02:06:33 UTC,104.185.35.150
2024-06-24 02:16:33 UTC,2600:1700:85d0:29c0:472:4857:76a5:41c7
2024-06-24 03:07:33 UTC,104.185.35.150
2024-06-24 03:16:33 UTC,2600:1700:85d0:29c0:472:4857:76a5:41c7
2024-06-24 04:07:34 UTC,104.185.35.150
2024-06-24 04:16:33 UTC,2600:1700:85d0:29c0:472:4857:76a5:41c7
2024-06-24 13:18:56 UTC,174.202.167.102
2024-06-24 14:19:01 UTC,174.202.167.102
2024-06-24 15:19:27 UTC,174.202.167.102
2024-06-24 16:19:27 UTC,174.202.167.102
2024-06-24 17:08:11 UTC,104.185.35.150
2024-06-24 18:08:28 UTC,104.185.35.150
2024-06-24 19:14:30 UTC,104.185.35.150
2024-06-24 20:14:43 UTC,104.185.35.150
2024-06-24 21:15:28 UTC,104.185.35.150
2024-06-24 22:16:13 UTC,104.185.35.150
2024-06-24 22:26:29 UTC,2600:1700:85d0:29c0:313e:b8be:a271:a7f0
2024-06-25 14:25:27 UTC,174.202.160.91
2024-06-25 15:40:50 UTC,174.202.160.91
2024-06-25 16:41:22 UTC,174.202.160.91
2024-06-25 17:15:10 UTC,2600:100b:b019:c6b8:78ff:15cc:8473:cc48
2024-06-25 17:42:22 UTC,174.202.160.91
2024-06-25 18:33:14 UTC,104.185.35.150
2024-06-25 18:35:22 UTC,2600:1700:85d0:29c0:31a9:e0a6:be01:e5b6
2024-06-25 19:33:22 UTC,104.185.35.150
2024-06-25 19:50:02 UTC,172.58.181.213
2024-06-25 20:34:22 UTC,104.185.35.150
2024-06-25 21:34:22 UTC,104.185.35.150
2024-06-25 22:34:22 UTC,104.185.35.150
2024-06-25 23:01:22 UTC,2600:1700:85d0:29c0:31a9:e0a6:be01:e5b6
2024-06-25 23:34:22 UTC,104.185.35.150
2024-06-26 00:34:22 UTC,104.185.35.150
2024-06-26 01:34:22 UTC,104.185.35.150
2024-06-26 02:34:22 UTC,104.185.35.150
2024-06-26 03:34:22 UTC,104.185.35.150
2024-06-26 03:53:22 UTC,2600:1700:85d0:29c0:31a9:e0a6:be01:e5b6
2024-06-26 04:34:22 UTC,104.185.35.150
2024-06-26 05:35:22 UTC,104.185.35.150
2024-06-26 13:04:16 UTC,174.202.170.92
2024-06-26 14:33:11 UTC,174.202.170.92
2024-06-26 15:02:06 UTC,2600:100b:b004:cf99:d4b8:d507:fba6:b134
2024-06-26 15:33:15 UTC,174.202.170.92
2024-06-26 16:33:36 UTC,174.202.170.92
2024-06-26 17:35:15 UTC,174.202.170.92
2024-06-26 17:53:58 UTC,104.185.35.150
2024-06-26 18:54:16 UTC,104.185.35.150
2024-06-26 19:54:16 UTC,104.185.35.150
2024-06-26 20:54:16 UTC,104.185.35.150
2024-06-26 21:55:16 UTC,104.185.35.150
2024-06-26 22:55:16 UTC,104.185.35.150
2024-06-26 23:55:16 UTC,104.185.35.150
2024-06-27 00:21:39 UTC,2600:1700:85d0:29c0:c1a6:9beb:3944:ac8d
2024-06-27 00:55:16 UTC,104.185.35.150
2024-06-27 13:03:57 UTC,174.202.163.192
2024-06-27 13:29:09 UTC,104.185.35.150
2024-06-27 14:41:47 UTC,104.185.35.150
2024-06-27 15:42:09 UTC,104.185.35.150
2024-06-27 16:42:09 UTC,104.185.35.150
2024-06-27 17:42:09 UTC,104.185.35.150
2024-06-27 18:42:10 UTC,104.185.35.150
2024-06-27 19:42:10 UTC,104.185.35.150
2024-06-27 20:12:43 UTC,2600:1700:85d0:29c0:4c21:a3e9:d2b4:e786
2024-06-27 20:42:10 UTC,104.185.35.150
2024-06-27 21:42:10 UTC,104.185.35.150
2024-06-27 22:42:10 UTC,104.185.35.150
2024-06-28 02:49:38 UTC,104.185.35.150
2024-06-28 16:55:10 UTC,104.185.35.150
2024-06-28 17:55:53 UTC,104.185.35.150
2024-06-28 18:56:40 UTC,104.185.35.150
2024-06-28 19:56:53 UTC,104.185.35.150
2024-06-28 20:51:54 UTC,2600:1700:85d0:29c0:f123:9ad2:ea44:7f8c
2024-06-28 20:56:54 UTC,104.185.35.150
2024-06-28 21:56:55 UTC,2600:1700:85d0:29c0:f123:9ad2:ea44:7f8c
2024-06-28 21:56:55 UTC,104.185.35.150
2024-06-28 22:57:56 UTC,104.185.35.150
2024-06-28 23:17:54 UTC,2600:1700:85d0:29c0:f123:9ad2:ea44:7f8c
2024-06-28 23:58:54 UTC,104.185.35.150
2024-06-29 00:39:54 UTC,2600:1700:85d0:29c0:f123:9ad2:ea44:7f8c
2024-06-29 00:58:54 UTC,104.185.35.150
2024-06-29 01:58:00 UTC,2600:1700:85d0:29c0:f123:9ad2:ea44:7f8c
2024-06-29 01:58:56 UTC,104.185.35.150
2024-06-29 04:20:03 UTC,104.185.35.150
2024-06-29 15:41:30 UTC,104.185.35.150
2024-06-29 16:42:47 UTC,104.185.35.150
2024-06-29 17:42:51 UTC,104.185.35.150
2024-06-29 18:43:48 UTC,104.185.35.150
2024-06-29 19:44:48 UTC,104.185.35.150
2024-06-29 20:45:48 UTC,104.185.35.150
2024-06-29 21:45:48 UTC,104.185.35.150
2024-06-29 22:46:49 UTC,104.185.35.150
2024-06-29 22:46:49 UTC,2600:1700:85d0:29c0:708b:4e20:1fcc:340c
2024-06-29 23:46:48 UTC,104.185.35.150
2024-06-29 23:46:48 UTC,2600:1700:85d0:29c0:708b:4e20:1fcc:340c
2024-06-30 00:46:48 UTC,104.185.35.150
2024-06-30 00:46:48 UTC,2600:1700:85d0:29c0:708b:4e20:1fcc:340c
2024-06-30 01:46:48 UTC,104.185.35.150
2024-06-30 02:46:48 UTC,104.185.35.150
2024-06-30 03:25:49 UTC,2600:1700:85d0:29c0:708b:4e20:1fcc:340c
2024-06-30 03:46:48 UTC,104.185.35.150
2024-06-30 04:35:49 UTC,2600:1700:85d0:29c0:708b:4e20:1fcc:340c
2024-06-30 04:46:49 UTC,104.185.35.150
2024-06-30 05:47:48 UTC,104.185.35.150
2024-06-30 06:07:49 UTC,2600:1700:85d0:29c0:708b:4e20:1fcc:340c
2024-06-30 06:48:49 UTC,104.185.35.150
2024-06-30 07:38:48 UTC,2600:1700:85d0:29c0:708b:4e20:1fcc:340c
2024-06-30 07:49:48 UTC,104.185.35.150
2024-06-30 08:49:48 UTC,104.185.35.150
2024-06-30 17:02:32 UTC,104.185.35.150
2024-06-30 17:36:43 UTC,2600:1700:85d0:29c0:31c5:989d:d5d8:de48
2024-06-30 18:02:49 UTC,104.185.35.150
2024-06-30 19:04:43 UTC,104.185.35.150
2024-06-30 20:04:43 UTC,104.185.35.150
2024-06-30 21:04:43 UTC,104.185.35.150
2024-06-30 21:44:43 UTC,2600:1700:85d0:29c0:31c5:989d:d5d8:de48
2024-06-30 22:04:43 UTC,104.185.35.150
2024-06-30 22:44:43 UTC,2600:1700:85d0:29c0:31c5:989d:d5d8:de48
2024-06-30 23:04:43 UTC,104.185.35.150
2024-06-30 23:44:43 UTC,2600:1700:85d0:29c0:31c5:989d:d5d8:de48
2024-07-01 00:04:43 UTC,104.185.35.150
2024-07-01 01:04:43 UTC,104.185.35.150
2024-07-01 02:05:43 UTC,104.185.35.150
2024-07-01 15:24:58 UTC,174.202.163.2
2024-07-01 16:25:16 UTC,174.202.163.2
2024-07-01 17:25:15 UTC,174.202.163.2
2024-07-01 18:25:15 UTC,174.202.163.2
2024-07-01 19:09:16 UTC,104.185.35.150
2024-07-01 20:10:36 UTC,104.185.35.150
2024-07-01 20:25:37 UTC,2600:1700:85d0:29c0:f9be:d03:d0e6:9697
2024-07-01 21:11:36 UTC,104.185.35.150
2024-07-01 22:11:37 UTC,104.185.35.150
2024-07-02 13:02:24 UTC,174.202.169.65
2024-07-02 13:02:29 UTC,2600:100b:b005:3610:b502:cac3:1cc4:6d74
2024-07-02 14:03:47 UTC,2600:100b:b005:3610:b502:cac3:1cc4:6d74
2024-07-02 14:03:47 UTC,174.202.169.65
2024-07-02 15:04:24 UTC,174.202.169.65
2024-07-02 15:15:29 UTC,2600:100b:b005:3610:b502:cac3:1cc4:6d74
2024-07-02 15:20:34 UTC,172.59.195.129
2024-07-02 15:30:01 UTC,172.59.195.63
2024-07-02 15:51:42 UTC,172.59.195.73
2024-07-02 16:05:45 UTC,174.202.169.65
2024-07-02 17:02:14 UTC,2600:100b:b005:3610:b502:cac3:1cc4:6d74
2024-07-02 17:06:24 UTC,174.202.169.65
2024-07-02 18:07:47 UTC,174.202.169.65
2024-07-02 18:38:26 UTC,104.185.35.150
2024-07-02 18:38:27 UTC,2600:1700:85d0:29c0:6186:924e:5675:aad9
2024-07-02 19:39:02 UTC,104.185.35.150
2024-07-02 20:39:25 UTC,104.185.35.150
2024-07-02 21:39:25 UTC,104.185.35.150
2024-07-02 22:39:25 UTC,104.185.35.150
2024-07-02 23:40:45 UTC,104.185.35.150
2024-07-03 00:41:25 UTC,104.185.35.150
2024-07-03 01:41:25 UTC,104.185.35.150
2024-07-03 13:09:20 UTC,174.202.163.57
2024-07-03 14:09:59 UTC,174.202.163.57
2024-07-03 15:23:38 UTC,174.202.163.57
2024-07-03 16:24:19 UTC,174.202.163.57
2024-07-03 17:24:20 UTC,174.202.163.57
2024-07-03 18:24:19 UTC,174.202.163.57
2024-07-03 19:23:26 UTC,104.185.35.150
2024-07-03 19:24:41 UTC,2600:1700:85d0:29c0:3891:fc06:c46b:a59d
2024-07-03 20:24:19 UTC,104.185.35.150
2024-07-03 21:25:19 UTC,104.185.35.150
2024-07-03 21:30:19 UTC,2600:1700:85d0:29c0:3891:fc06:c46b:a59d
2024-07-03 22:25:19 UTC,104.185.35.150
2024-07-03 22:56:19 UTC,2600:1700:85d0:29c0:3891:fc06:c46b:a59d
2024-07-03 23:25:19 UTC,104.185.35.150
2024-07-04 00:25:20 UTC,104.185.35.150
2024-07-04 01:00:19 UTC,2600:1700:85d0:29c0:3891:fc06:c46b:a59d
2024-07-04 01:26:19 UTC,104.185.35.150
2024-07-04 02:45:25 UTC,104.185.35.150
2024-07-04 03:47:19 UTC,104.185.35.150
2024-07-04 04:47:19 UTC,104.185.35.150
2024-07-04 05:47:19 UTC,104.185.35.150
2024-07-04 06:48:19 UTC,104.185.35.150
2024-07-04 21:19:06 UTC,104.185.35.150
2024-07-04 22:19:14 UTC,104.185.35.150
2024-07-04 23:20:14 UTC,104.185.35.150
2024-07-05 00:20:14 UTC,104.185.35.150
2024-07-05 01:20:14 UTC,104.185.35.150
2024-07-05 02:19:14 UTC,2600:1700:85d0:29c0:a518:72fd:47f:369a
2024-07-05 02:20:14 UTC,104.185.35.150
2024-07-05 03:20:14 UTC,104.185.35.150
2024-07-05 13:03:09 UTC,174.202.167.142
2024-07-05 14:04:42 UTC,174.202.167.142
2024-07-05 15:04:42 UTC,174.202.167.142
2024-07-05 16:04:42 UTC,174.202.167.142
2024-07-05 17:04:42 UTC,174.202.167.142
2024-07-05 18:04:43 UTC,174.202.167.142
2024-07-05 18:19:13 UTC,104.185.35.150
2024-07-05 19:21:09 UTC,104.185.35.150
2024-07-05 20:21:28 UTC,104.185.35.150
2024-07-05 21:23:09 UTC,104.185.35.150
2024-07-05 21:43:23 UTC,2600:1700:85d0:29c0:96b:62db:d6d9:d796
2024-07-05 22:23:09 UTC,104.185.35.150
2024-07-05 23:24:09 UTC,104.185.35.150
2024-07-06 00:25:09 UTC,104.185.35.150
2024-07-06 01:25:09 UTC,104.185.35.150
2024-07-06 02:25:09 UTC,104.185.35.150
2024-07-06 03:25:09 UTC,104.185.35.150
2024-07-06 04:26:09 UTC,104.185.35.150
2024-07-06 20:54:38 UTC,104.185.35.150
2024-07-06 21:54:59 UTC,104.185.35.150
2024-07-06 22:03:50 UTC,2600:1700:85d0:29c0:c814:c1a:8e29:ea49
2024-07-06 22:55:51 UTC,104.185.35.150
2024-07-06 23:56:03 UTC,104.185.35.150
2024-07-07 00:56:03 UTC,104.185.35.150
2024-07-07 01:57:03 UTC,104.185.35.150
2024-07-07 02:57:04 UTC,104.185.35.150
2024-07-07 03:57:03 UTC,104.185.35.150
2024-07-07 04:58:03 UTC,104.185.35.150
2024-07-07 05:58:03 UTC,104.185.35.150
2024-07-07 06:26:04 UTC,2600:1700:85d0:29c0:c814:c1a:8e29:ea49
2024-07-07 06:58:04 UTC,104.185.35.150
2024-07-07 07:58:04 UTC,104.185.35.150
2024-07-07 08:59:04 UTC,2600:1700:85d0:29c0:c814:c1a:8e29:ea49
2024-07-07 08:59:04 UTC,104.185.35.150
2024-07-07 17:23:03 UTC,104.185.35.150
2024-07-07 17:37:57 UTC,2600:1700:85d0:29c0:3937:a456:1c66:3744
2024-07-07 18:23:49 UTC,104.185.35.150
2024-07-07 18:53:03 UTC,2600:1700:85d0:29c0:3937:a456:1c66:3744
2024-07-07 19:23:57 UTC,104.185.35.150
2024-07-07 19:53:13 UTC,2600:1700:85d0:29c0:3937:a456:1c66:3744
2024-07-07 20:23:57 UTC,104.185.35.150
2024-07-07 20:54:56 UTC,2600:1700:85d0:29c0:3937:a456:1c66:3744
2024-07-07 21:23:57 UTC,104.185.35.150
2024-07-07 22:23:57 UTC,104.185.35.150
2024-07-07 23:24:09 UTC,104.185.35.150
2024-07-08 00:24:54 UTC,104.185.35.150
2024-07-08 01:25:56 UTC,104.185.35.150
2024-07-08 02:25:57 UTC,104.185.35.150
2024-07-08 13:09:31 UTC,174.202.161.163
2024-07-08 14:09:46 UTC,174.202.161.163
2024-07-08 14:42:16 UTC,104.185.35.150
2024-07-08 15:43:53 UTC,104.185.35.150
2024-07-08 16:44:53 UTC,104.185.35.150
2024-07-08 17:45:53 UTC,104.185.35.150
2024-07-08 18:45:53 UTC,104.185.35.150
2024-07-08 19:46:53 UTC,104.185.35.150
2024-07-08 20:47:53 UTC,104.185.35.150
2024-07-09 15:47:38 UTC,104.185.35.150
2024-07-09 18:38:20 UTC,104.185.35.150
2024-07-09 19:38:47 UTC,104.185.35.150
2024-07-09 20:38:47 UTC,104.185.35.150
2024-07-09 23:34:36 UTC,104.185.35.150
2024-07-10 00:34:47 UTC,104.185.35.150
2024-07-10 01:34:48 UTC,104.185.35.150
2024-07-10 02:24:48 UTC,2600:1700:85d0:29c0:45d3:b95d:f7d0:c91e
2024-07-10 02:35:47 UTC,104.185.35.150
2024-07-10 03:35:47 UTC,104.185.35.150
2024-07-10 04:35:47 UTC,104.185.35.150
2024-07-10 04:38:48 UTC,2600:1700:85d0:29c0:45d3:b95d:f7d0:c91e
2024-07-10 05:36:48 UTC,104.185.35.150
2024-07-10 05:43:45 UTC,2600:1700:85d0:29c0:45d3:b95d:f7d0:c91e
2024-07-10 15:55:49 UTC,104.185.35.150
2024-07-10 18:31:54 UTC,104.185.35.150
2024-07-10 19:31:42 UTC,2600:1700:85d0:29c0:f479:d669:9e1f:a1be
2024-07-10 19:33:43 UTC,104.185.35.150
2024-07-10 20:33:42 UTC,104.185.35.150
2024-07-10 21:34:42 UTC,104.185.35.150
2024-07-10 22:34:43 UTC,104.185.35.150
2024-07-10 23:35:42 UTC,104.185.35.150
2024-07-11 00:36:42 UTC,104.185.35.150
2024-07-11 01:38:18 UTC,104.185.35.150
2024-07-11 02:38:42 UTC,104.185.35.150
2024-07-11 03:38:42 UTC,104.185.35.150
2024-07-11 04:38:42 UTC,104.185.35.150
2024-07-11 05:38:42 UTC,104.185.35.150
2024-07-11 06:38:42 UTC,104.185.35.150
2024-07-11 08:06:34 UTC,104.185.35.150
2024-07-11 09:07:43 UTC,104.185.35.150
2024-07-11 10:07:43 UTC,104.185.35.150
2024-07-11 20:03:25 UTC,2600:1700:85d0:29c0:99a4:1d8d:4a2b:2bc6
2024-07-11 20:03:27 UTC,104.185.35.150
2024-07-11 21:04:28 UTC,104.185.35.150
2024-07-11 22:04:28 UTC,104.185.35.150
2024-07-11 23:04:28 UTC,104.185.35.150
2024-07-12 00:04:28 UTC,104.185.35.150
2024-07-12 01:05:49 UTC,104.185.35.150
2024-07-12 02:06:28 UTC,104.185.35.150
2024-07-12 02:50:28 UTC,2600:1700:85d0:29c0:99a4:1d8d:4a2b:2bc6
2024-07-12 03:07:28 UTC,104.185.35.150
2024-07-12 03:50:28 UTC,2600:1700:85d0:29c0:99a4:1d8d:4a2b:2bc6
2024-07-12 04:07:28 UTC,104.185.35.150
2024-07-12 05:07:28 UTC,104.185.35.150
2024-07-12 16:32:55 UTC,104.185.35.150
2024-07-12 18:34:30 UTC,2600:1700:85d0:29c0:598a:6ee9:3b2:9443
2024-07-12 18:34:31 UTC,104.185.35.150
2024-07-12 19:36:23 UTC,104.185.35.150
2024-07-12 20:37:23 UTC,104.185.35.150
2024-07-12 21:37:23 UTC,104.185.35.150
2024-07-12 22:37:23 UTC,104.185.35.150
2024-07-13 04:23:06 UTC,104.185.35.150
2024-07-13 05:23:31 UTC,104.185.35.150
2024-07-13 18:36:41 UTC,104.185.35.150
2024-07-13 19:37:17 UTC,104.185.35.150
2024-07-13 20:38:16 UTC,104.185.35.150
2024-07-13 21:39:20 UTC,104.185.35.150
2024-07-13 22:40:20 UTC,104.185.35.150
2024-07-13 23:28:06 UTC,2600:1700:85d0:29c0:b8c9:631e:8778:8a90
2024-07-13 23:41:17 UTC,104.185.35.150
2024-07-14 00:41:20 UTC,104.185.35.150
2024-07-14 01:41:20 UTC,104.185.35.150
2024-07-14 02:42:20 UTC,104.185.35.150
2024-07-14 03:42:21 UTC,104.185.35.150
2024-07-14 04:43:20 UTC,104.185.35.150
2024-07-14 05:08:21 UTC,2600:1700:85d0:29c0:b8c9:631e:8778:8a90
2024-07-14 05:43:21 UTC,104.185.35.150
2024-07-14 06:43:20 UTC,104.185.35.150
2024-07-14 07:44:20 UTC,104.185.35.150
2024-07-14 08:45:20 UTC,104.185.35.150
2024-07-14 20:44:47 UTC,104.185.35.150
2024-07-14 21:46:15 UTC,104.185.35.150
2024-07-14 22:46:15 UTC,104.185.35.150
2024-07-14 23:46:15 UTC,104.185.35.150
2024-07-15 00:46:15 UTC,104.185.35.150
2024-07-15 01:46:14 UTC,104.185.35.150
2024-07-15 02:47:14 UTC,104.185.35.150
2024-07-15 03:47:14 UTC,104.185.35.150
2024-07-15 04:47:15 UTC,104.185.35.150
2024-07-15 05:48:15 UTC,104.185.35.150
2024-07-15 06:48:14 UTC,104.185.35.150
2024-07-15 07:48:14 UTC,104.185.35.150
2024-07-15 08:49:14 UTC,104.185.35.150
2024-07-15 09:49:14 UTC,104.185.35.150
2024-07-15 10:49:14 UTC,104.185.35.150
2024-07-15 11:50:14 UTC,104.185.35.150
2024-07-15 12:50:15 UTC,104.185.35.150
2024-07-15 13:50:14 UTC,104.185.35.150
2024-07-15 14:50:15 UTC,104.185.35.150
2024-07-15 16:40:29 UTC,104.185.35.150
2024-07-15 18:07:09 UTC,104.185.35.150
2024-07-15 19:09:01 UTC,104.185.35.150
2024-07-15 20:10:01 UTC,104.185.35.150
2024-07-15 21:10:01 UTC,104.185.35.150
2024-07-15 22:10:32 UTC,104.185.35.150
2024-07-15 23:11:01 UTC,104.185.35.150
2024-07-16 00:12:01 UTC,104.185.35.150
2024-07-16 18:49:28 UTC,104.185.35.150
2024-07-16 19:49:49 UTC,104.185.35.150
2024-07-16 21:45:16 UTC,104.185.35.150
2024-07-16 22:47:10 UTC,104.185.35.150
2024-07-16 23:48:02 UTC,104.185.35.150
2024-07-17 00:48:56 UTC,104.185.35.150
2024-07-17 01:49:56 UTC,104.185.35.150
2024-07-17 02:49:56 UTC,104.185.35.150
2024-07-17 03:49:56 UTC,104.185.35.150
2024-07-17 04:49:56 UTC,104.185.35.150
2024-07-17 05:49:56 UTC,104.185.35.150
2024-07-17 17:32:18 UTC,104.185.35.150
2024-07-17 19:39:22 UTC,104.185.35.150
2024-07-17 20:40:31 UTC,104.185.35.150
2024-07-17 21:41:08 UTC,104.185.35.150
2024-07-17 22:41:30 UTC,104.185.35.150
2024-07-17 23:41:32 UTC,104.185.35.150
2024-07-18 00:42:49 UTC,104.185.35.150
2024-07-18 01:42:49 UTC,104.185.35.150
2024-07-18 02:42:49 UTC,104.185.35.150
2024-07-18 02:51:50 UTC,2600:1700:85d0:29c0:2d6c:437c:e92b:efe1
2024-07-18 03:42:49 UTC,104.185.35.150
2024-07-18 03:51:49 UTC,2600:1700:85d0:29c0:2d6c:437c:e92b:efe1
2024-07-18 04:42:49 UTC,104.185.35.150
2024-07-18 04:52:49 UTC,2600:1700:85d0:29c0:2d6c:437c:e92b:efe1
2024-07-18 15:26:16 UTC,104.185.35.150
2024-07-18 16:27:41 UTC,104.185.35.150
2024-07-18 16:57:58 UTC,172.56.55.209
2024-07-18 18:18:34 UTC,104.185.35.150
2024-07-18 19:18:42 UTC,104.185.35.150
2024-07-18 20:19:42 UTC,104.185.35.150
2024-07-18 21:20:42 UTC,104.185.35.150
2024-07-18 22:20:42 UTC,104.185.35.150
2024-07-18 23:21:42 UTC,104.185.35.150
2024-07-19 00:21:54 UTC,104.185.35.150
2024-07-19 00:53:50 UTC,2600:1700:85d0:29c0:7808:3cf9:f8ee:5da
2024-07-19 01:22:42 UTC,104.185.35.150
2024-07-19 02:23:42 UTC,104.185.35.150
2024-07-19 03:23:42 UTC,104.185.35.150
2024-07-19 04:23:42 UTC,104.185.35.150
2024-07-19 18:42:46 UTC,2600:1700:85d0:29c0:d06:9dcb:8726:fe4d
2024-07-19 18:42:50 UTC,104.185.35.150
2024-07-19 19:44:36 UTC,104.185.35.150
2024-07-19 20:45:36 UTC,104.185.35.150
2024-07-19 21:45:36 UTC,104.185.35.150
2024-07-19 22:46:06 UTC,104.185.35.150
2024-07-19 23:46:36 UTC,104.185.35.150
2024-07-20 00:46:36 UTC,104.185.35.150
2024-07-20 01:47:36 UTC,104.185.35.150
2024-07-20 02:47:36 UTC,104.185.35.150
2024-07-20 03:47:36 UTC,104.185.35.150
2024-07-20 04:47:36 UTC,104.185.35.150
2024-07-20 05:48:37 UTC,104.185.35.150
2024-07-20 07:23:26 UTC,104.185.35.150
2024-07-20 08:23:36 UTC,104.185.35.150
2024-07-20 18:02:39 UTC,104.185.35.150
2024-07-20 19:04:12 UTC,104.185.35.150
2024-07-20 20:04:14 UTC,104.185.35.150
2024-07-20 21:04:25 UTC,104.185.35.150
2024-07-20 22:04:35 UTC,104.185.35.150
2024-07-20 23:06:26 UTC,104.185.35.150
2024-07-21 00:07:26 UTC,104.185.35.150
2024-07-21 01:07:26 UTC,104.185.35.150
2024-07-21 02:07:26 UTC,104.185.35.150
2024-07-21 03:07:26 UTC,104.185.35.150
2024-07-21 04:04:26 UTC,2600:1700:85d0:29c0:2dea:f864:b25d:413c
2024-07-21 04:07:26 UTC,104.185.35.150
2024-07-21 05:04:26 UTC,2600:1700:85d0:29c0:2dea:f864:b25d:413c
2024-07-21 05:08:26 UTC,104.185.35.150
2024-07-21 06:09:26 UTC,104.185.35.150
2024-07-21 07:09:26 UTC,104.185.35.150
2024-07-21 08:10:26 UTC,104.185.35.150
2024-07-21 09:10:26 UTC,104.185.35.150
2024-07-21 10:11:26 UTC,104.185.35.150
2024-07-21 10:48:26 UTC,2600:1700:85d0:29c0:2dea:f864:b25d:413c
2024-07-21 11:11:26 UTC,104.185.35.150
2024-07-21 12:14:18 UTC,104.185.35.150
2024-07-21 12:34:30 UTC,2600:1700:85d0:29c0:2dea:f864:b25d:413c
2024-07-21 21:19:01 UTC,104.185.35.150
2024-07-21 22:19:21 UTC,104.185.35.150
2024-07-21 23:20:21 UTC,104.185.35.150
2024-07-22 00:21:19 UTC,104.185.35.150
2024-07-22 01:21:21 UTC,104.185.35.150
2024-07-22 02:22:21 UTC,104.185.35.150
2024-07-22 03:22:21 UTC,104.185.35.150
2024-07-22 04:22:21 UTC,104.185.35.150
2024-07-22 05:23:21 UTC,104.185.35.150
2024-07-22 06:23:21 UTC,104.185.35.150
2024-07-22 07:25:21 UTC,104.185.35.150
2024-07-22 08:26:21 UTC,104.185.35.150
2024-07-22 13:54:32 UTC,104.185.35.150
2024-07-22 15:23:52 UTC,104.185.35.150
2024-07-22 19:40:52 UTC,104.185.35.150
2024-07-22 20:41:09 UTC,104.185.35.150
2024-07-22 22:03:37 UTC,104.185.35.150
2024-07-22 23:05:09 UTC,104.185.35.150
2024-07-23 00:05:09 UTC,104.185.35.150
2024-07-23 01:05:09 UTC,104.185.35.150
2024-07-23 02:05:10 UTC,104.185.35.150
2024-07-23 03:05:09 UTC,104.185.35.150
2024-07-23 04:05:10 UTC,104.185.35.150
2024-07-23 05:06:09 UTC,104.185.35.150
2024-07-23 06:06:09 UTC,104.185.35.150
2024-07-23 07:06:09 UTC,104.185.35.150
2024-07-23 08:06:09 UTC,104.185.35.150
2024-07-23 16:36:23 UTC,104.185.35.150
2024-07-23 17:51:57 UTC,104.185.35.150
2024-07-23 21:57:10 UTC,104.185.35.150
2024-07-23 22:09:04 UTC,2600:1700:85d0:29c0:298b:e7e:8845:760f
2024-07-23 22:59:04 UTC,104.185.35.150
2024-07-24 00:00:04 UTC,104.185.35.150
2024-07-24 01:30:42 UTC,104.185.35.150
2024-07-24 21:22:03 UTC,104.185.35.150
2024-07-24 22:23:52 UTC,104.185.35.150
2024-07-24 23:23:53 UTC,104.185.35.150
2024-07-24 23:46:53 UTC,2600:1700:85d0:29c0:7d41:e73:2767:d61f
2024-07-25 00:23:53 UTC,104.185.35.150
2024-07-25 00:55:53 UTC,2600:1700:85d0:29c0:7d41:e73:2767:d61f
2024-07-25 01:28:03 UTC,104.185.35.150
2024-07-25 03:09:57 UTC,104.185.35.150
2024-07-25 17:36:23 UTC,104.185.35.150
2024-07-25 23:21:19 UTC,104.185.35.150
2024-07-25 23:21:23 UTC,2600:1700:85d0:29c0:71d1:3718:ff8b:3d2c
2024-07-26 00:22:43 UTC,104.185.35.150
2024-07-26 01:22:43 UTC,104.185.35.150
2024-07-26 02:22:43 UTC,104.185.35.150
2024-07-26 03:22:43 UTC,104.185.35.150
2024-07-26 04:22:43 UTC,104.185.35.150
2024-07-26 05:22:43 UTC,104.185.35.150
2024-07-26 05:27:46 UTC,2600:1700:85d0:29c0:71d1:3718:ff8b:3d2c
2024-07-26 06:22:43 UTC,104.185.35.150
2024-07-26 06:28:43 UTC,2600:1700:85d0:29c0:71d1:3718:ff8b:3d2c
2024-07-26 07:23:43 UTC,104.185.35.150
2024-07-26 08:09:43 UTC,2600:1700:85d0:29c0:71d1:3718:ff8b:3d2c
2024-07-26 08:24:43 UTC,104.185.35.150
2024-07-26 09:11:43 UTC,2600:1700:85d0:29c0:71d1:3718:ff8b:3d2c
2024-07-26 09:24:43 UTC,104.185.35.150
2024-07-26 17:32:55 UTC,2600:1700:85d0:29c0:99da:f4f:9b9:ce3d
2024-07-26 17:32:57 UTC,104.185.35.150
2024-07-26 22:16:01 UTC,104.185.35.150
2024-07-27 02:57:25 UTC,104.185.35.150
2024-07-27 03:57:37 UTC,104.185.35.150
2024-07-27 04:57:38 UTC,104.185.35.150
2024-07-27 16:32:10 UTC,104.185.35.150
2024-07-27 17:32:31 UTC,104.185.35.150
2024-07-27 18:32:31 UTC,104.185.35.150
2024-07-27 19:33:57 UTC,104.185.35.150
2024-07-27 20:34:31 UTC,104.185.35.150
2024-07-27 20:44:37 UTC,2600:1700:85d0:29c0:5482:263:ec8a:c141
2024-07-27 21:34:53 UTC,104.185.35.150
2024-07-27 22:36:31 UTC,104.185.35.150
2024-07-27 23:36:32 UTC,104.185.35.150
2024-07-27 23:44:36 UTC,2600:1700:85d0:29c0:5482:263:ec8a:c141
2024-07-28 00:36:31 UTC,104.185.35.150
2024-07-28 01:36:31 UTC,104.185.35.150
2024-07-28 02:36:31 UTC,104.185.35.150
2024-07-28 03:36:31 UTC,104.185.35.150
2024-07-28 04:36:31 UTC,104.185.35.150
2024-07-28 05:36:31 UTC,104.185.35.150
2024-07-28 06:36:31 UTC,104.185.35.150
2024-07-28 18:34:05 UTC,104.185.35.150
2024-07-28 19:35:25 UTC,104.185.35.150
2024-07-28 20:19:54 UTC,2600:1700:85d0:29c0:ad20:a294:adfc:a87e
2024-07-28 20:35:31 UTC,104.185.35.150
2024-07-28 21:36:25 UTC,104.185.35.150
2024-07-28 22:36:25 UTC,104.185.35.150
2024-07-28 23:36:50 UTC,104.185.35.150
2024-07-28 23:53:26 UTC,2600:1700:85d0:29c0:ad20:a294:adfc:a87e
2024-07-29 00:37:25 UTC,104.185.35.150
2024-07-29 00:54:25 UTC,2600:1700:85d0:29c0:ad20:a294:adfc:a87e
2024-07-29 01:37:25 UTC,104.185.35.150
2024-07-29 02:38:25 UTC,104.185.35.150
2024-07-29 03:39:25 UTC,104.185.35.150
2024-07-29 16:01:18 UTC,104.185.35.150
2024-07-29 17:01:58 UTC,104.185.35.150
2024-07-29 18:02:05 UTC,104.185.35.150
2024-07-29 19:02:19 UTC,104.185.35.150
2024-07-29 20:02:20 UTC,104.185.35.150
2024-07-29 20:37:20 UTC,2600:1700:85d0:29c0:f5f7:615e:71:e39d
2024-07-29 21:03:20 UTC,104.185.35.150
2024-07-29 22:03:20 UTC,104.185.35.150
2024-07-29 23:03:20 UTC,104.185.35.150
2024-07-30 00:04:19 UTC,104.185.35.150
2024-07-30 01:04:20 UTC,104.185.35.150
2024-07-30 02:05:20 UTC,104.185.35.150
2024-07-30 03:06:20 UTC,104.185.35.150
2024-07-30 04:07:20 UTC,104.185.35.150
2024-07-30 04:43:20 UTC,2600:1700:85d0:29c0:f5f7:615e:71:e39d
2024-07-30 05:08:20 UTC,104.185.35.150
2024-07-30 06:08:20 UTC,104.185.35.150
2024-07-30 07:09:20 UTC,104.185.35.150
2024-07-30 07:17:23 UTC,2600:1700:85d0:29c0:f5f7:615e:71:e39d
2024-07-30 08:09:20 UTC,104.185.35.150
2024-07-30 09:09:20 UTC,104.185.35.150
2024-07-30 18:20:09 UTC,104.185.35.150
2024-07-30 19:21:14 UTC,104.185.35.150
2024-07-30 20:21:14 UTC,104.185.35.150
2024-07-30 21:21:14 UTC,104.185.35.150
2024-07-30 22:25:14 UTC,104.185.35.150
2024-07-30 23:26:08 UTC,104.185.35.150
2024-07-31 00:26:14 UTC,104.185.35.150
2024-07-31 01:27:14 UTC,104.185.35.150
2024-07-31 02:27:15 UTC,104.185.35.150
2024-07-31 03:27:14 UTC,104.185.35.150
2024-07-31 04:28:14 UTC,104.185.35.150
2024-07-31 13:58:38 UTC,104.185.35.150
2024-07-31 14:00:11 UTC,2600:1700:85d0:29c0:4cf9:4151:2a07:928a
2024-07-31 16:14:04 UTC,104.185.35.150
2024-07-31 17:14:08 UTC,104.185.35.150
2024-07-31 18:14:08 UTC,104.185.35.150
2024-07-31 19:14:07 UTC,104.185.35.150
2024-07-31 20:15:07 UTC,104.185.35.150
2024-07-31 21:15:07 UTC,104.185.35.150
2024-07-31 22:16:07 UTC,104.185.35.150
2024-07-31 23:17:07 UTC,104.185.35.150
2024-08-01 00:17:07 UTC,104.185.35.150
2024-08-01 01:18:07 UTC,104.185.35.150
2024-08-01 02:18:07 UTC,104.185.35.150
2024-08-01 03:19:07 UTC,104.185.35.150
2024-08-01 04:19:07 UTC,104.185.35.150
2024-08-01 20:07:51 UTC,104.185.35.150
2024-08-01 21:09:01 UTC,104.185.35.150
2024-08-01 22:09:01 UTC,104.185.35.150
2024-08-01 23:09:01 UTC,104.185.35.150
2024-08-02 00:10:01 UTC,104.185.35.150
2024-08-02 01:10:01 UTC,104.185.35.150
2024-08-02 02:10:24 UTC,104.185.35.150
2024-08-02 03:12:01 UTC,104.185.35.150
2024-08-02 04:12:01 UTC,104.185.35.150
2024-08-02 05:00:02 UTC,2600:1700:85d0:29c0:ac2b:899f:a4c2:90cf
2024-08-02 05:12:01 UTC,104.185.35.150
2024-08-02 06:01:01 UTC,2600:1700:85d0:29c0:ac2b:899f:a4c2:90cf
2024-08-02 06:12:01 UTC,104.185.35.150
2024-08-02 07:01:01 UTC,2600:1700:85d0:29c0:ac2b:899f:a4c2:90cf
2024-08-02 07:13:02 UTC,104.185.35.150
2024-08-02 08:05:02 UTC,2600:1700:85d0:29c0:ac2b:899f:a4c2:90cf
2024-08-02 08:13:01 UTC,104.185.35.150
2024-08-02 16:36:17 UTC,104.185.35.150
2024-08-02 17:48:53 UTC,104.185.35.150
2024-08-02 18:48:54 UTC,104.185.35.150
2024-08-02 19:48:54 UTC,104.185.35.150
2024-08-02 20:49:54 UTC,104.185.35.150
2024-08-02 21:49:54 UTC,104.185.35.150
2024-08-02 22:49:54 UTC,104.185.35.150
2024-08-02 23:49:54 UTC,104.185.35.150
2024-08-03 00:50:54 UTC,104.185.35.150
2024-08-03 01:51:54 UTC,104.185.35.150
2024-08-03 02:52:23 UTC,104.185.35.150
2024-08-03 03:53:54 UTC,104.185.35.150
2024-08-03 19:14:37 UTC,104.185.35.150
2024-08-03 20:14:49 UTC,104.185.35.150
2024-08-03 21:14:49 UTC,104.185.35.150
2024-08-03 22:15:49 UTC,104.185.35.150
2024-08-03 23:15:49 UTC,104.185.35.150
2024-08-04 00:16:49 UTC,104.185.35.150
2024-08-04 01:17:49 UTC,104.185.35.150
2024-08-04 01:57:04 UTC,2600:1700:85d0:29c0:6d1b:8bab:d990:23c7
2024-08-04 02:17:49 UTC,104.185.35.150
2024-08-04 03:17:50 UTC,104.185.35.150
2024-08-04 04:18:50 UTC,104.185.35.150
2024-08-04 05:18:50 UTC,104.185.35.150
2024-08-04 06:06:57 UTC,2600:1700:85d0:29c0:6d1b:8bab:d990:23c7
2024-08-04 06:18:50 UTC,104.185.35.150
2024-08-04 17:33:07 UTC,104.185.35.150
2024-08-04 18:33:28 UTC,104.185.35.150
2024-08-04 19:33:44 UTC,104.185.35.150
2024-08-04 20:34:44 UTC,104.185.35.150
2024-08-04 21:34:44 UTC,104.185.35.150
2024-08-04 22:35:44 UTC,104.185.35.150
2024-08-04 23:36:44 UTC,104.185.35.150
2024-08-05 00:37:44 UTC,104.185.35.150
2024-08-05 01:37:44 UTC,104.185.35.150
2024-08-05 02:38:44 UTC,104.185.35.150
2024-08-05 03:39:44 UTC,104.185.35.150
2024-08-05 04:39:44 UTC,104.185.35.150
2024-08-05 05:49:07 UTC,104.185.35.150
2024-08-05 06:50:45 UTC,104.185.35.150
2024-08-05 07:56:50 UTC,104.185.35.150
2024-08-05 08:58:45 UTC,104.185.35.150
2024-08-05 09:58:45 UTC,104.185.35.150
2024-08-05 10:58:45 UTC,104.185.35.150
2024-08-05 11:59:45 UTC,104.185.35.150
2024-08-05 12:59:45 UTC,104.185.35.150
2024-08-06 22:21:50 UTC,172.58.55.93
2024-08-07 02:56:24 UTC,172.58.55.149
2024-08-07 02:59:00 UTC,75.6.186.131
2024-08-07 04:00:41 UTC,75.6.186.131
2024-08-07 05:01:41 UTC,75.6.186.131
2024-08-07 05:06:41 UTC,2600:1700:85e5:1100:556b:9619:d4d1:7387
2024-08-07 06:02:41 UTC,75.6.186.131
2024-08-07 07:03:41 UTC,75.6.186.131
2024-08-07 15:06:26 UTC,75.6.186.131
2024-08-07 20:11:05 UTC,75.6.186.131
2024-08-07 21:23:20 UTC,104.185.35.150
2024-08-07 22:23:27 UTC,104.185.35.150
2024-08-07 23:23:27 UTC,104.185.35.150
2024-08-08 00:23:27 UTC,104.185.35.150
2024-08-08 01:24:27 UTC,104.185.35.150
2024-08-08 23:11:33 UTC,104.185.35.150
2024-08-09 00:12:21 UTC,104.185.35.150
2024-08-09 01:12:56 UTC,104.185.35.150
2024-08-09 02:13:22 UTC,104.185.35.150
2024-08-09 03:14:21 UTC,104.185.35.150
2024-08-09 04:14:21 UTC,104.185.35.150
2024-08-09 05:14:21 UTC,104.185.35.150
2024-08-09 06:14:21 UTC,104.185.35.150
2024-08-09 07:15:22 UTC,104.185.35.150
2024-08-09 08:15:21 UTC,104.185.35.150
2024-08-09 09:15:22 UTC,104.185.35.150
2024-08-09 17:29:41 UTC,104.185.35.150
2024-08-09 18:31:09 UTC,104.185.35.150
2024-08-09 19:31:43 UTC,104.185.35.150
2024-08-09 20:32:15 UTC,104.185.35.150
2024-08-09 21:32:16 UTC,104.185.35.150
2024-08-09 22:32:16 UTC,104.185.35.150
2024-08-09 23:33:16 UTC,104.185.35.150
2024-08-10 00:33:32 UTC,104.185.35.150
2024-08-10 01:33:32 UTC,104.185.35.150
2024-08-10 02:35:16 UTC,104.185.35.150
2024-08-10 03:35:16 UTC,104.185.35.150
2024-08-10 04:35:16 UTC,104.185.35.150
2024-08-10 05:36:15 UTC,104.185.35.150
2024-08-10 05:44:00 UTC,2600:1700:85d0:29c0:c1ca:efdc:3fde:ce85
2024-08-10 18:52:41 UTC,104.185.35.150
2024-08-10 19:54:07 UTC,104.185.35.150
2024-08-10 20:54:21 UTC,104.185.35.150
2024-08-10 21:55:09 UTC,104.185.35.150
2024-08-10 22:16:48 UTC,2600:1700:85d0:29c0:9059:dcef:7efa:db21
2024-08-10 22:55:14 UTC,104.185.35.150
2024-08-10 23:55:42 UTC,104.185.35.150
2024-08-11 01:14:41 UTC,104.185.35.150
2024-08-11 02:15:15 UTC,104.185.35.150
2024-08-11 03:16:10 UTC,104.185.35.150
2024-08-11 04:17:10 UTC,104.185.35.150
2024-08-11 06:10:16 UTC,104.185.35.150
2024-08-11 20:26:50 UTC,104.185.35.150
2024-08-11 21:27:29 UTC,104.185.35.150
2024-08-11 22:29:55 UTC,104.185.35.150
2024-08-11 23:29:55 UTC,104.185.35.150
2024-08-12 00:30:04 UTC,104.185.35.150
2024-08-12 01:26:58 UTC,2600:1700:85d0:29c0:45d4:fd90:464:edf5
2024-08-12 01:30:58 UTC,104.185.35.150
2024-08-12 02:31:04 UTC,104.185.35.150
2024-08-12 03:31:17 UTC,104.185.35.150
2024-08-12 06:43:07 UTC,104.185.35.150
2024-08-12 07:44:04 UTC,104.185.35.150
2024-08-12 07:49:04 UTC,2600:1700:85d0:29c0:cc88:42cc:cc1d:b31f
2024-08-12 08:45:05 UTC,104.185.35.150
2024-08-12 09:45:05 UTC,104.185.35.150
2024-08-12 10:46:05 UTC,104.185.35.150
2024-08-12 11:46:05 UTC,104.185.35.150
2024-08-12 12:37:05 UTC,2600:1700:85d0:29c0:cdc9:8e91:fd6f:ae93
2024-08-12 12:46:05 UTC,104.185.35.150
2024-08-12 18:42:51 UTC,104.185.35.150
2024-08-12 19:43:06 UTC,104.185.35.150
2024-08-12 20:43:06 UTC,104.185.35.150
2024-08-12 21:44:06 UTC,104.185.35.150
2024-08-12 22:44:06 UTC,104.185.35.150
2024-08-12 23:38:06 UTC,2600:1700:85d0:29c0:f030:9ba:d15c:63a5
2024-08-13 03:08:55 UTC,104.185.35.150
2024-08-13 04:09:05 UTC,104.185.35.150
2024-08-13 05:10:05 UTC,104.185.35.150
2024-08-13 19:28:19 UTC,104.185.35.150
2024-08-13 20:29:19 UTC,104.185.35.150
2024-08-13 21:29:54 UTC,104.185.35.150
2024-08-13 22:27:03 UTC,2600:1700:85d0:29c0:d4cd:6dd9:774:2299
2024-08-13 22:31:00 UTC,104.185.35.150
2024-08-13 23:32:00 UTC,104.185.35.150
2024-08-14 00:32:01 UTC,104.185.35.150
2024-08-14 01:32:00 UTC,104.185.35.150
2024-08-14 02:32:00 UTC,104.185.35.150
2024-08-14 19:37:29 UTC,104.185.35.150
2024-08-14 20:38:36 UTC,104.185.35.150
2024-08-14 21:39:54 UTC,104.185.35.150
2024-08-14 22:40:54 UTC,104.185.35.150
2024-08-14 23:41:54 UTC,104.185.35.150
2024-08-15 00:42:54 UTC,104.185.35.150
2024-08-15 01:42:54 UTC,104.185.35.150
2024-08-15 02:43:54 UTC,104.185.35.150
2024-08-15 03:43:56 UTC,104.185.35.150
2024-08-15 04:44:55 UTC,104.185.35.150
